{
    "do": {
        "panam": {
            "comment":"",
            "oro": {
                "cant": 4.3169295864339903,
                "error": 0.65149870601628146
            },
            "plata": {
                "cant": 9.020965211413726,
                "error": 0.59176005869449588
            },
            "bronce": {
                "cant": 11.290422654202679,
                "error": 0.96674360202430509
            }
        },
        "olympic": {
            "comment":"",
            "oro": {
                "cant": 3.869630446869194,
                "error": 0.65060581002070472
            },
            "plata": {
                "cant": 9.0104862088401596,
                "error": 0.59464133469946001
            },
            "bronce": {
                "cant": 10.360385064863831,
                "error": 0.96768510557858189
            }
        }
    },
    "gt": {
        "panam": {
            "comment":"",
            "oro": {
                "cant": 5.669756330097341,
                "error": 0.35554686717764544
            },
            "plata": {
                "cant": 1.5028659313872352,
                "error": 0.33473496867943747
            },
            "bronce": {
                "cant": 4.6641249886638025,
                "error": 0.70367460276039751
            }
        },
        "olympic": {
            "comment":"",
            "oro": {
                "cant": 5.5139061154949252,
                "error": 0.37074142308177899
            },
            "plata": {
                "cant": 1.5179467161514122,
                "error": 0.33478750228187243
            },
            "bronce": {
                "cant": 4.4439203967635779,
                "error": 0.70384692421478268
            }
        }
    },
    "co": {
        "panam": {
            "comment":"",
            "oro": {
                "cant": 28.75807297638778,
                "error": 0.57579752208043833
            },
            "plata": {
                "cant": 15.019625276243294,
                "error": 1.340800172873682
            },
            "bronce": {
                "cant": 15.963159593422217,
                "error": 1.1970431782598916
            }
        },
        "olympic": {
            "comment":"",
            "oro": {
                "cant": 27.207493685028361,
                "error": 0.50208927107899703
            },
            "plata": {
                "cant": 12.867396799257245,
                "error": 1.3028169241850869
            },
            "bronce": {
                "cant": 16.905833792376612,
                "error": 1.1314637407523118
            }
        }
    },
    "ve": {
        "panam": {
            "comment":"",
            "oro": {
                "cant": 11.905266674538641,
                "error": 0.91589082331086724
            },
            "plata": {
                "cant": 22.8824479097485,
                "error": 1.5544398316464396
            },
            "bronce": {
                "cant": 32.26344586417585,
                "error": 2.4464137614727757
            }
        },
        "olympic": {
            "comment":"",
            "oro": {
                "cant": 10.965743942348464,
                "error": 0.82536168753124384
            },
            "plata": {
                "cant": 21.770623821512849,
                "error": 1.3331581907411802
            },
            "bronce": {
                "cant": 29.929415180036386,
                "error": 1.9819848305434651
            }
        }
    },
    "cl": {
        "panam": {
            "comment":"",
            "oro": {
                "cant": 3.8841416374011297,
                "error": 0.24900559388735147
            },
            "plata": {
                "cant": 14.005681673245071,
                "error": 0.72652014447015389
            },
            "bronce": {
                "cant": 21.182813481782958,
                "error": 0.93534164334906933
            }
        },
        "olympic": {
            "comment":"",
            "oro": {
                "cant": 3.9183369454780106,
                "error": 0.24067672368397308
            },
            "plata": {
                "cant": 14.324320405394218,
                "error": 0.72624555041855599
            },
            "bronce": {
                "cant": 20.07022421356336,
                "error": 0.92532327761733157
            }
        }
    },
    "ca": {
        "panam": {
            "comment":"",
            "oro": {
                "cant": 62.917468461650614,
                "error": 1.5186614934039449
            },
            "plata": {
                "cant": 60.511951817883315,
                "error": 1.2435657991210094
            },
            "bronce": {
                "cant": 77.296903209959424,
                "error": 1.3735274839162288
            }
        },
        "olympic": {
            "comment":"",
            "oro": {
                "cant": 64.637395843964256,
                "error": 0.53296326825596962
            },
            "plata": {
                "cant": 71.757323581649487,
                "error": 0.66274039193215173
            },
            "bronce": {
                "cant": 80.307197215480159,
                "error": 0.7737638858388759
            }
        }
    },
    "us": {
        "panam": {
            "comment":"",
            "oro": {
                "cant": 107.24658622474428,
                "error": 3.3192205040886642
            },
            "plata": {
                "cant": 94.459376706219132,
                "error": 1.9463133699807535
            },
            "bronce": {
                "cant": 92.091218806156093,
                "error": 1.4657044570256406
            }
        },
        "olympic": {
            "comment":"",
            "oro": {
                "cant": 99.257165654425876,
                "error": 0.31223524749539927
            },
            "plata": {
                "cant": 84.749841445732756,
                "error": 0.28508688417020117
            },
            "bronce": {
                "cant": 87.800741542485397,
                "error": 0.28704609298364964
            }
        }
    },
    "jm": {
        "panam": {
            "comment":"",
            "oro": {
                "cant": 3.0625363294796619,
                "error": 0.51040809712888591
            },
            "plata": {
                "cant": 2.1159661857390071,
                "error": 0.46981882580920031
            },
            "bronce": {
                "cant": 4.9859112809642046,
                "error": 0.55780948083129356
            }
        },
        "olympic": {
            "comment":"",
            "oro": {
                "cant": 3.3703271796848284,
                "error": 0.48799335840869756
            },
            "plata": {
                "cant": 4.0729314407806134,
                "error": 0.464410902728421
            },
            "bronce": {
                "cant": 4.7607876448102431,
                "error": 0.50025061350392597
            }
        }
    },
    "ar": {
        "panam": {
            "comment":"",
            "oro": {
                "cant": 20.652724342393903,
                "error": 2.0608839170503686
            },
            "plata": {
                "cant": 26.907322526669667,
                "error": 2.6669126713439986
            },
            "bronce": {
                "cant": 46.991235921406663,
                "error": 3.4215552072902531
            }
        },
        "olympic": {
            "comment":"",
            "oro": {
                "cant": 19.900307454072117,
                "error": 1.7998694243884377
            },
            "plata": {
                "cant": 33.187756448957288,
                "error": 2.1032069105640572
            },
            "bronce": {
                "cant": 45.748836726057348,
                "error": 2.7244063517380868
            }
        }
    },